Qty,Value,Footprint,Symbol,Option,References
1,18650 Li-ion (protected),BatteryHolder_MPD_BH-18650-PC2,Device:Battery_Cell,CORE,BT1
1,5V magnetic buzzer,Buzzer_12x9.5RM7.6,Device:Buzzer,BUZ,BZ1
1,220u/35V,CP_Radial_D8.0mm_P3.50mm,Device:C_Polarized,CORE,C1
1,1u/50V,C_1206_3216Metric,Device:C,CORE,C2
2,220u/10V,CP_Radial_D8.0mm_P3.50mm,Device:C_Polarized,CORE,C3 C8
3,1u,C_1206_3216Metric,Device:C,CORE,C4 C11 C17
4,10u,C_1206_3216Metric,Device:C,CORE,C5 C6 C7 C9
1,100u/10V,CP_Radial_D8.0mm_P3.50mm,Device:C_Polarized,CORE,C10
10,100n,C_1206_3216Metric,Device:C,CORE,C12 C13 C15 C16 C18 C19 C20 C21 C22 C23
2,22u,C_1206_3216Metric,Device:C,CORE,C14 C24
1,10u,C_1206_3216Metric,Device:C,LORA,C25
1,100n,C_1206_3216Metric,Device:C,LORA,C26
2,10u,C_1206_3216Metric,Device:C,ETH,C27 C30
2,18p,C_1206_3216Metric,Device:C,ETH,C28 C29
4,100n,C_1206_3216Metric,Device:C,ETH,C31 C32 C33 C34
1,1000u/6.3V low ESR,CP_Radial_D10.0mm_P5.00mm,Device:C_Polarized,CELL,C35
2,100n,C_1206_3216Metric,Device:C,CELL,C36 C38
1,33p,C_1206_3216Metric,Device:C,CELL,C37
3,22p,C_1206_3216Metric,Device:C,CELL,C39 C40 C41
3,SS54 40V/5A,D_SMC,Device:D_Schottky,CORE,D1 D2 D5
1,SMBJ24CA,D_SMB,Device:D_TVS,CORE,D3
1,SMBJ6.0CA,D_SMB,Device:D_TVS,CORE,D4
3,SS34,D_SMA,Device:D_Schottky,CORE,D6 D7 D8
1,PL9823-F5 #1,LED_PL9823_D5.0mm_Coarse,agrinode:PL9823,CORE,D9
1,PL9823-F5 #2,LED_PL9823_D5.0mm_Coarse,agrinode:PL9823,CORE,D10
1,PL9823-F5 #3,LED_PL9823_D5.0mm_Coarse,agrinode:PL9823,CORE,D11
1,PL9823-F5 #4,LED_PL9823_D5.0mm_Coarse,agrinode:PL9823,CORE,D12
1,PL9823-F5 #5,LED_PL9823_D5.0mm_Coarse,agrinode:PL9823,CORE,D13
1,PL9823-F5 #6,LED_PL9823_D5.0mm_Coarse,agrinode:PL9823,CORE,D14
1,1N4148W,D_SOD-123,Device:D,BUZ,D15
2,PTC 1.5A/30V,Fuse_1812_4532Metric,Device:Polyfuse,CORE,F1 F2
1,PTC 1.5A/8V,Fuse_1812_4532Metric,Device:Polyfuse,CORE,F3
1,PTC 3A/16V,Fuse_1812_4532Metric,Device:Polyfuse,CORE,F4
1,600R@100MHz,L_1206_3216Metric,Device:FerriteBead_Small,ETH,FB1
4,M3,MountingHole_3.2mm_M3,Mechanical:MountingHole,CORE,H1 H2 H3 H4
1,DC 12V 5.5/2.1,BarrelJack_Horizontal,Connector:Barrel_Jack_Switch,CORE,J1
1,DC IN 7-24V,"TerminalBlock_Phoenix_MKDS-1,5-2-5.08_1x02_P5.08mm_Horizontal",Connector:Screw_Terminal_01x02,CORE,J2
1,SOLAR 6-24V,"TerminalBlock_Phoenix_MKDS-1,5-2-5.08_1x02_P5.08mm_Horizontal",Connector:Screw_Terminal_01x02,CORE,J3
1,USB 5V,USB_B_THT_Coarse,Connector:USB_B,CORE,J4
1,BAT NTC 10k,PinHeader_1x02_P2.54mm_Vertical,Connector_Generic:Conn_01x02,CORE,J5
1,PROG,PinHeader_1x06_P2.54mm_Vertical,Connector_Generic:Conn_01x06,CORE,J6
1,I2C,PinHeader_1x04_P2.54mm_Vertical,Connector_Generic:Conn_01x04,CORE,J7
1,LAN,RJ45_Hanrun_HR911105A_Horizontal,Connector:RJ45_Hanrun_HR911105A_Horizontal,ETH,J8
1,micro SIM,microSIM_JAE_SF53S006VCBR2000,Connector:SIM_Card,CELL,J9
1,GSM ANT SMA,SMA_Amphenol_132289_EdgeMount,Connector:Conn_Coaxial,CELL,J10
1,0R JP_NTC (fit if no NTC),R_1206_3216Metric,Device:R,CORE,JP1
1,33uH 3A,L_12x12mm_H6mm,Device:L,CORE,L1
2,AO3401A,SOT-23,Transistor_FET:AO3401A,CORE,Q1 Q2
1,BSS138,SOT-23,Transistor_FET:BSS138,CORE,Q3
1,MMBT3904,SOT-23,Device:Q_NPN_BEC,BUZ,Q4
1,MMBT3904,SOT-23,Device:Q_NPN_BEC,CELL,Q5
1,1.2k,R_1206_3216Metric,Device:R,CORE,R1
1,5.6k,R_1206_3216Metric,Device:R,CORE,R2
1,75k,R_1206_3216Metric,Device:R,CORE,R3
1,1k,R_1206_3216Metric,Device:R,CORE,R4
1,100k,R_1206_3216Metric,Device:R,CORE,R5
1,47k,R_1206_3216Metric,Device:R,CORE,R6
1,16.5k 1%,R_1206_3216Metric,Device:R,CORE,R7
1,10k 1%,R_1206_3216Metric,Device:R,CORE,R8
2,100k 1%,R_1206_3216Metric,Device:R,CORE,R9 R10
1,330k 1%,R_1206_3216Metric,Device:R,CORE,R11
1,47k 1%,R_1206_3216Metric,Device:R,CORE,R12
2,10k,R_1206_3216Metric,Device:R,CORE,R13 R14
3,4.7k,R_1206_3216Metric,Device:R,CORE,R15 R19 R20
1,2.2k,R_1206_3216Metric,Device:R,CORE,R16
1,1k,R_1206_3216Metric,Device:R,BUZ,R17
1,10k,R_1206_3216Metric,Device:R,BUZ,R18
1,10k,R_1206_3216Metric,Device:R,LORA,R21
1,2.32k 1%,R_1206_3216Metric,Device:R,ETH,R22
2,10k,R_1206_3216Metric,Device:R,ETH,R23 R24
4,49.9 1%,R_1206_3216Metric,Device:R,ETH,R25 R26 R27 R28
2,330,R_1206_3216Metric,Device:R,ETH,R29 R30
1,100k,R_1206_3216Metric,Device:R,CELL,R31
1,22k 1%,R_1206_3216Metric,Device:R,CELL,R32
1,10k 1%,R_1206_3216Metric,Device:R,CELL,R33
3,1k,R_1206_3216Metric,Device:R,CELL,R34 R35 R37
2,4.7k,R_1206_3216Metric,Device:R,CELL,R36 R38
1,47k,R_1206_3216Metric,Device:R,CELL,R39
3,22,R_1206_3216Metric,Device:R,CELL,R40 R41 R42
1,0R RF,R_1206_3216Metric,Device:R,CELL,R43
1,RESET,SW_PUSH_6mm,Switch:SW_Push,CORE,SW1
1,BOOT / PAIR,SW_PUSH_6mm,Switch:SW_Push,CORE,SW2
1,LM2596S-5.0,TO-263-5_TabPin3,Regulator_Switching:LM2596S-5,CORE,U1
1,TP4056,ESOP-8_TP4056_Coarse,agrinode:TP4056,CORE,U2
1,MIC29302WU,TO-263-5_TabPin3,Regulator_Linear:MIC29302WU,CORE,U3
1,ESP32-WROOM-32E-N8,ESP32-WROOM-32E_Coarse,RF_Module:ESP32-WROOM-32E,CORE,U4
1,Ra-02 SX1278 433MHz,Ai-Thinker-Ra-02_Coarse,RF_Module:Ai-Thinker-Ra-02,LORA,U5
1,ENC28J60-I/SO,SOIC-28W_7.5x17.9mm_P1.27mm,Interface_Ethernet:ENC28J60x-SO,ETH,U6
1,MIC29302WU,TO-263-5_TabPin3,Regulator_Linear:MIC29302WU,CELL,U7
1,SIM800C,SIMCom_SIM800C_Coarse,RF_GSM:SIM800C,CELL,U8
1,25MHz,Crystal_HC49-4H_Vertical,Device:Crystal,ETH,Y1
