Qty,Value,Footprint,References
1,1.2k,R_1206_3216Metric,R1
1,100k,R_1206_3216Metric,R5
2,100k 1%,R_1206_3216Metric,R10 R9
10,100n,C_1206_3216Metric,C12 C13 C15 C16 C18 C19 C20 C21 C22 C23
1,100u/10V,CP_Radial_D8.0mm_P3.50mm,C10
3,10k,R_1206_3216Metric,R13 R14 R18
1,10k 1%,R_1206_3216Metric,R8
4,10u,C_1206_3216Metric,C5 C6 C7 C9
1,16.5k 1%,R_1206_3216Metric,R7
1,18650 Li-ion (protected),BatteryHolder_MPD_BH-18650-PC2,BT1
1,1N4148W,D_SOD-123,D15
2,1k,R_1206_3216Metric,R17 R4
3,1u,C_1206_3216Metric,C11 C17 C4
1,1u/50V,C_1206_3216Metric,C2
1,2.2k,R_1206_3216Metric,R16
2,220u/10V,CP_Radial_D8.0mm_P3.50mm,C3 C8
1,220u/35V,CP_Radial_D8.0mm_P3.50mm,C1
2,22u,C_1206_3216Metric,C14 C24
1,330k 1%,R_1206_3216Metric,R11
1,33uH 3A,L_12x12mm_H6mm,L1
3,4.7k,R_1206_3216Metric,R15 R19 R20
1,47k,R_1206_3216Metric,R6
1,47k 1%,R_1206_3216Metric,R12
1,5.6k,R_1206_3216Metric,R2
1,5V magnetic buzzer,Buzzer_12x9.5RM7.6,BZ1
1,75k,R_1206_3216Metric,R3
2,AO3401A,SOT-23,Q1 Q2
1,BAT NTC 10k,PinHeader_1x02_P2.54mm_Vertical,J5
1,BOOT / PAIR,SW_PUSH_6mm,SW2
1,BSS138,SOT-23,Q3
1,DC 12V 5.5/2.1,BarrelJack_Horizontal,J1
1,DC IN 7-24V,"TerminalBlock_Phoenix_MKDS-1,5-2-5.08_1x02_P5.08mm_Horizontal",J2
1,ESP32-WROOM-32E-N8,ESP32-WROOM-32E_Coarse,U4
1,I2C,PinHeader_1x04_P2.54mm_Vertical,J7
1,LM2596S-5.0,TO-263-5_TabPin3,U1
4,M3,MountingHole_3.2mm_M3,H1 H2 H3 H4
1,MIC29302WU,TO-263-5_TabPin3,U3
1,MMBT3904,SOT-23,Q4
1,PL9823-F5 #1,LED_PL9823_D5.0mm_Coarse,D9
1,PL9823-F5 #2,LED_PL9823_D5.0mm_Coarse,D10
1,PL9823-F5 #3,LED_PL9823_D5.0mm_Coarse,D11
1,PL9823-F5 #4,LED_PL9823_D5.0mm_Coarse,D12
1,PL9823-F5 #5,LED_PL9823_D5.0mm_Coarse,D13
1,PL9823-F5 #6,LED_PL9823_D5.0mm_Coarse,D14
1,PROG,PinHeader_1x06_P2.54mm_Vertical,J6
2,PTC 1.5A/30V,Fuse_1812_4532Metric,F1 F2
1,PTC 1.5A/8V,Fuse_1812_4532Metric,F3
1,PTC 3A/16V,Fuse_1812_4532Metric,F4
1,RESET,SW_PUSH_6mm,SW1
1,SMBJ24CA,D_SMB,D3
1,SMBJ6.0CA,D_SMB,D4
1,SOLAR 6-24V,"TerminalBlock_Phoenix_MKDS-1,5-2-5.08_1x02_P5.08mm_Horizontal",J3
3,SS34,D_SMA,D6 D7 D8
3,SS54 40V/5A,D_SMC,D1 D2 D5
1,TP4056,ESOP-8_TP4056_Coarse,U2
1,USB 5V,USB_B_THT_Coarse,J4
